<?xml version="1.0" encoding="UTF-8"?>
<project-private xmlns="http://www.netbeans.org/ns/project-private/1">
    <editor-bookmarks xmlns="http://www.netbeans.org/ns/editor-bookmarks/2" lastBookmarkId="0"/>
    <open-files xmlns="http://www.netbeans.org/ns/projectui-open-files/2">
        <group>
            <file>file:/C:/My_Documents/Spring2020/IST411/JDBC_XML_LIST_Examples/JDBC_AddressBook/src/MSAccessDataAccess.java</file>
            <file>file:/C:/My_Documents/Spring2020/IST411/JDBC_XML_LIST_Examples/JDBC_AddressBook/src/BuildAddressBookDatabase.java</file>
        </group>
    </open-files>
</project-private>
